{
    "anchorpoints": [],
    "portpins": [
        {
            "name": "1",
            "position": [
                95.504,
                65.02399999999999,
                0.6780020000000001
            ],
            "rotation": [
                0.0,
                -0.0,
                1.0,
                0.0,
                1.0,
                0.0,
                -1.0,
                0.0,
                -0.0
            ]
        },
        {
            "name": "2",
            "position": [
                130.048,
                65.04800046,
                0.6780020000000001
            ],
            "rotation": [
                0.0,
                -0.0,
                1.0,
                0.0,
                1.0,
                0.0,
                -1.0,
                0.0,
                -0.0
            ]
        },
        {
            "name": "3",
            "position": [
                110.49,
                64.07400063,
                0.7780020000000001
            ],
            "rotation": [
                0.0,
                -1.0,
                0.0,
                0.0,
                0.0,
                0.0,
                0.0,
                0.0,
                0.0
            ]
        },
        {
            "name": "4",
            "position": [
                111.49000054,
                63.599000309999994,
                0.7780020000000001
            ],
            "rotation": [
                -0.9032779267155107,
                -0.4290559253856407,
                0.0,
                -0.4290559253856407,
                0.9032779267155107,
                0.0,
                -0.0,
                0.0,
                -1.0
            ]
        }
    ],
    "version": 7
}